,City,Lat,Lng,Max Temp,Humidity,Cloudiness,Wind Speed,Country,Date
0,jamestown,42.1,-79.24,48.99,100,90,5.82,US,1603248192
1,new norfolk,6.65,-10.59,72.59,98,65,1.61,LR,1603248194
2,buarcos,40.17,-8.88,60.01,93,40,5.82,PT,1603248195
3,port blair,-7.03,29.76,72.84,73,24,5.21,CD,1603248028
4,christchurch,-43.53,172.63,64.0,55,17,10.29,NZ,1603248017
5,cape town,-36.41,-71.9,55.4,66,6,6.93,CL,1603248028
6,atuona,-9.8,-139.03,77.86,76,80,15.82,PF,1603247953
7,puerto ayora,36.59,-6.23,64.4,93,40,14.99,ES,1603248089
8,hobart,-42.88,147.33,61.0,51,40,5.82,AU,1603248019
9,miles city,35.19,-120.7,59.0,93,75,4.5,US,1603247905
10,sibolga,1.74,98.78,86.27,60,65,3.87,ID,1603248090
11,busselton,-33.65,115.33,71.01,39,7,3.83,AU,1603248030
12,arraial do cabo,-22.84,-46.65,69.8,83,75,5.82,BR,1603248030
13,severo-kurilsk,50.68,156.12,42.48,65,62,30.38,RU,1603248030
14,rikitea,-23.12,-134.97,73.92,76,28,9.62,PF,1603247835
15,sorland,67.67,12.69,39.87,69,0,18.23,NO,1603248031
16,tuktoyaktuk,69.45,-133.04,23.0,92,90,17.22,CA,1603248031
17,iqaluit,63.75,-68.51,30.2,80,75,16.11,CA,1603248031
18,kapaa,22.08,-159.32,81.0,83,90,9.17,US,1603248032
19,bambous virieux,-20.26,57.41,75.99,83,40,10.29,MU,1603248032
20,grindavik,63.84,-22.43,35.6,93,75,4.7,IS,1603247845
21,mataura,-46.19,168.86,55.99,63,18,13.0,NZ,1603248032
22,bredasdorp,-34.53,20.04,46.29,88,0,2.73,ZA,1603248032
23,dano,11.15,-3.07,79.16,63,51,4.23,BF,1603248033
24,karpogory,64.0,44.45,23.63,98,52,3.74,RU,1603248033
25,abilene,32.45,-99.73,75.2,60,20,8.05,US,1603248033
26,khorinsk,52.17,109.77,30.54,81,68,9.04,RU,1603248034
27,ugoofaaru,5.67,73.0,81.75,79,88,12.66,MV,1603247739
28,butaritari,3.07,172.79,82.51,72,34,9.13,KI,1603248036
29,aasiaat,68.71,-52.87,32.45,97,100,22.32,GL,1603248036
30,leningradskiy,69.38,178.42,35.2,84,34,8.37,RU,1603247794
31,champerico,14.3,-91.92,66.0,99,100,6.82,GT,1603247915
32,hermanus,-34.42,19.23,51.01,85,0,1.99,ZA,1603248037
33,shahreza,32.03,51.88,40.05,64,0,0.36,IR,1603248037
34,richards bay,46.84,-95.91,30.2,100,90,10.29,US,1603248037
35,bluff,-46.6,168.33,55.99,62,40,13.0,NZ,1603247832
36,ahipara,-35.17,173.17,63.81,71,100,6.31,NZ,1603247767
37,bethel,41.37,-73.41,60.01,97,54,0.29,US,1603248038
38,villarrica,-25.75,-56.43,74.73,65,0,3.2,PY,1603248039
39,san miguel,13.3,-4.9,79.86,51,0,7.45,ML,1603248039
40,georgetown,5.41,100.34,78.8,88,20,4.7,MY,1603248007
41,tuatapere,-46.13,167.68,55.99,62,48,13.0,NZ,1603247844
42,ushuaia,-54.8,-68.3,41.0,75,40,5.12,AR,1603248040
43,albany,42.6,-73.97,55.0,85,100,3.65,US,1603248003
44,hobyo,5.35,48.53,79.36,85,6,13.04,SO,1603247915
45,trincomalee,8.57,81.23,83.84,70,37,17.27,LK,1603248041
46,nikolskoye,59.7,30.79,30.99,92,90,3.13,RU,1603247870
47,bridgetown,13.1,-59.62,82.4,78,40,8.05,BB,1603248041
48,posevnaya,54.3,83.33,39.15,72,9,11.72,RU,1603248041
49,qaanaaq,77.48,-69.36,20.57,83,58,5.82,GL,1603247861
50,thompson,55.74,-97.86,24.8,85,90,2.24,CA,1603248042
51,namibe,-15.2,12.15,68.29,84,100,8.28,AO,1603248042
52,yerbogachen,61.28,108.01,22.44,93,100,9.91,RU,1603248043
53,tasiilaq,65.61,-37.64,32.0,97,100,18.34,GL,1603247900
54,isla aguada,15.89,120.3,79.45,85,100,27.11,PH,1603248043
55,misratah,32.38,15.09,69.44,58,22,3.85,LY,1603248043
56,srednekolymsk,67.45,153.68,18.99,96,69,4.34,RU,1603247834
57,pemangkat,1.17,108.97,85.01,70,98,3.6,ID,1603247985
58,pecos,31.42,-103.49,78.8,44,1,9.17,US,1603248045
59,port hedland,-7.03,29.76,72.84,73,24,5.21,CD,1603248028
60,aklavik,68.22,-135.01,23.0,92,90,8.05,CA,1603248045
61,victoria,22.29,114.16,77.0,66,37,1.99,HK,1603247871
62,zatoka,46.07,30.47,48.2,70,0,5.5,UA,1603248046
63,hilo,19.73,-155.09,82.4,58,90,8.05,US,1603247882
64,east london,65.0,-15.0,24.8,85,40,5.82,IS,1603248046
65,carbonia,39.17,8.52,66.2,87,40,5.82,IT,1603248517
66,mys shmidta,62.06,48.62,26.2,97,97,6.29,RU,1603248047
67,vanimo,-2.67,141.3,83.97,73,100,1.68,PG,1603247771
68,provideniya,64.38,-173.3,44.6,87,90,6.71,RU,1603248048
69,vaini,-21.2,-175.2,75.2,69,75,6.93,TO,1603247851
70,dera din panah,8.33,39.32,57.81,53,8,3.02,ET,1603248049
71,manikganj,23.86,90.01,84.2,70,40,4.47,BD,1603248049
72,mizdah,31.45,12.98,54.7,83,0,7.56,LY,1603248050
73,remontnoye,46.56,43.65,39.2,69,10,13.42,RU,1603248050
74,moscow,55.75,37.62,35.01,86,75,11.18,RU,1603247833
75,poum,-20.23,164.02,75.79,67,1,1.72,NC,1603248051
76,banda aceh,25.48,80.33,80.89,21,3,3.4,IN,1603248052
77,batagay-alyta,67.8,130.41,12.33,88,89,1.88,RU,1603248114
78,port augusta,-7.03,29.76,72.84,73,24,5.21,CD,1603248052
79,barrow,71.29,-156.79,28.4,86,90,13.87,US,1603248052
80,port alfred,-7.03,29.76,72.84,73,24,5.21,CD,1603248052
81,punta arenas,8.99,125.34,87.82,64,100,0.89,PH,1603248053
82,nagapattinam,10.77,79.83,82.17,74,100,11.43,IN,1603248006
83,chuy,-33.7,-53.46,58.15,72,100,13.47,UY,1603247872
84,torbay,47.67,-52.73,59.0,93,75,19.46,CA,1603248526
85,mecca,21.43,39.83,75.45,18,0,6.22,SA,1603247972
86,saint-pierre,-21.34,55.48,68.0,60,1,3.36,RE,1603248054
87,luanda,-8.84,13.23,75.2,83,75,6.93,AO,1603248054
88,ribeira grande,42.75,-8.44,59.0,93,90,10.29,ES,1603248055
89,nanortalik,60.14,-45.24,35.13,91,100,18.1,GL,1603248055
90,adrar,20.5,-10.07,81.63,18,0,5.66,MR,1603248055
91,cukai,4.25,103.42,86.0,79,40,2.24,MY,1603248055
92,cherskiy,68.75,161.3,22.8,97,97,3.42,RU,1603248056
93,varadero,23.15,-81.25,75.2,100,75,3.36,CU,1603248056
94,kununurra,-15.77,128.73,96.8,41,10,8.05,AU,1603247766
95,bani walid,18.28,-70.33,76.51,74,67,4.25,DO,1603248057
96,rincon,32.3,-81.24,73.4,94,75,5.82,US,1603248057
97,yellowknife,62.46,-114.35,21.99,85,20,6.93,CA,1603248057
98,saskylakh,71.92,114.08,19.62,97,90,8.63,RU,1603248057
99,miri,4.41,114.01,82.4,78,40,8.05,MY,1603247886
100,filingue,14.35,3.32,87.78,23,0,8.32,NE,1603248058
101,payo,-3.75,103.64,89.82,58,88,1.81,ID,1603248058
102,hofn,64.25,-15.21,35.78,74,27,6.33,IS,1603247767
103,lompoc,34.64,-120.46,57.2,93,90,8.05,US,1603247880
104,yelizavetino,59.49,29.79,30.99,92,90,4.52,RU,1603248060
105,tiksi,71.69,128.87,8.31,92,77,8.7,RU,1603248060
106,bengkulu,-3.8,102.27,85.08,62,39,4.16,ID,1603248060
107,lebu,-37.62,-73.65,48.76,79,0,16.8,CL,1603248060
108,saint-philippe,-21.36,55.77,71.6,60,10,3.36,RE,1603248060
109,shenjiamen,29.96,122.3,68.29,78,100,14.52,CN,1603248061
110,bandarbeyla,9.49,50.81,78.67,68,0,8.9,SO,1603247874
111,ixtapa,20.7,-105.2,84.2,83,20,2.24,MX,1603248061
112,port pirie,-7.03,29.76,72.84,73,24,5.21,CD,1603248052
113,dikson,73.51,80.55,24.39,97,93,4.59,RU,1603248061
114,yichang,30.71,111.28,72.0,39,0,4.72,CN,1603248062
115,katsuura,35.13,140.3,70.0,48,18,19.77,JP,1603248062
116,udachnyy,66.42,112.4,3.2,91,90,2.24,RU,1603247797
117,avarua,-21.21,-159.78,75.2,88,100,8.05,CK,1603247834
118,ruteng,-8.61,120.47,77.97,62,8,0.4,ID,1603248064
119,ponta do sol,38.73,-28.27,59.5,73,26,22.55,PT,1603248127
120,goderich,43.75,-81.72,46.0,84,100,17.6,CA,1603248128
121,terrace,54.52,-128.6,39.2,93,90,2.24,CA,1603248128
122,upernavik,72.79,-56.15,32.43,95,100,3.09,GL,1603247838
123,manakara,-22.13,48.02,71.31,86,22,5.55,MG,1603248129
124,banjar,-8.19,114.97,84.2,79,40,12.75,ID,1603248130
125,avenal,36.0,-120.13,75.0,38,0,1.01,US,1603248130
126,vestmanna,62.16,-7.17,41.0,75,3,8.05,FO,1603248130
127,uyemskiy,64.47,40.85,30.2,100,75,4.47,RU,1603248130
128,sabha,27.04,14.43,65.66,65,20,11.88,LY,1603248131
129,boguchany,58.38,97.45,36.27,83,100,8.37,RU,1603247885
130,guatire,10.48,-66.54,72.0,88,100,2.84,VE,1603248131
131,padang,-0.95,100.35,86.52,58,90,4.88,ID,1603248132
132,bosobolo,4.18,19.9,70.59,97,100,3.42,CD,1603248132
133,alofi,-19.06,-169.92,77.0,78,90,19.46,NU,1603248132
134,sulangan,11.14,123.72,84.54,75,26,14.43,PH,1603248133
135,pangnirtung,66.15,-65.71,24.84,94,100,3.85,CA,1603247869
136,acarau,-2.89,-40.12,78.33,79,0,15.68,BR,1603248134
137,pleshanovo,52.83,53.48,34.16,87,61,8.72,RU,1603248134
138,aksu,41.12,80.26,55.71,35,0,2.84,CN,1603248134
139,tura,25.52,90.22,82.33,73,0,1.57,IN,1603247841
140,maun,-19.98,23.42,68.16,23,0,4.68,BW,1603248135
141,saint-michel-des-saints,46.68,-73.92,32.18,96,89,1.68,CA,1603248135
142,bezhetsk,57.79,36.7,29.66,97,6,9.48,RU,1603248136
143,vila franca do campo,42.03,-8.16,54.0,95,100,14.0,PT,1603248136
144,iguape,-24.71,-47.56,71.55,93,46,4.14,BR,1603248136
145,huron,41.15,-82.55,50.0,94,100,4.0,US,1603248136
146,male,4.17,73.51,82.53,78,91,13.09,MV,1603248137
147,erenhot,43.65,111.98,34.03,69,100,16.22,CN,1603247840
148,mahebourg,-20.41,57.7,73.4,83,40,10.29,MU,1603248137
149,ponta delgada,38.73,-28.27,59.5,73,26,22.55,PT,1603248137
150,mollendo,-17.02,-72.01,61.47,75,63,2.75,PE,1603248137
151,san patricio,13.3,-4.9,79.86,51,0,7.45,ML,1603248039
152,nuuk,64.18,-51.72,32.0,88,100,10.29,GL,1603248076
153,colonia,50.93,6.95,54.0,87,100,6.93,DE,1603248138
154,khatanga,71.97,102.5,6.76,95,81,8.28,RU,1603248138
155,shieli,44.17,66.75,52.75,41,1,7.4,KZ,1603248138
156,cabo san lucas,-8.28,-35.03,78.8,78,40,12.75,BR,1603248139
157,marystown,47.17,-55.15,59.0,100,100,3.0,CA,1603248139
158,pachora,20.67,75.35,82.4,68,0,2.01,IN,1603248139
159,vila velha,42.03,-8.16,54.0,95,100,11.01,PT,1603247963
160,jorochito,-18.05,-63.43,78.8,74,85,6.93,BO,1603248140
161,oistins,13.07,-59.53,82.4,78,40,8.05,BB,1603248140
162,isangel,-19.55,169.27,84.2,62,75,9.17,VU,1603248141
163,lar gerd,26.2,83.97,81.09,56,26,4.68,IN,1603248141
164,mar del plata,43.4,-4.01,68.0,60,36,10.29,ES,1603248141
165,yenagoa,4.92,6.26,76.06,92,96,2.44,NG,1603248142
166,nideggen,50.7,6.48,55.99,93,90,4.7,DE,1603248142
167,kuala terengganu,3.38,98.62,80.6,88,40,3.36,ID,1603248142
168,kiama,-34.68,150.87,75.99,65,69,7.0,AU,1603248142
169,vicuna,-30.03,-70.71,53.6,93,0,3.36,CL,1603248143
170,siwana,25.63,72.42,84.72,61,0,5.1,IN,1603248143
171,longyearbyen,78.22,15.64,26.6,68,40,6.93,SJ,1603248104
172,olyka,50.72,25.81,44.01,98,100,13.0,UA,1603248144
173,valadares,41.15,-7.98,57.99,89,61,1.01,PT,1603248144
174,osoyoos,49.03,-119.45,48.99,70,36,0.2,CA,1603247875
175,port elizabeth,-7.03,29.76,72.84,73,24,5.21,CD,1603248144
176,carlagan,14.97,122.05,83.55,78,94,13.11,PH,1603248145
177,bilma,18.69,12.92,76.1,18,0,3.31,NE,1603248145
178,kruisfontein,-34.0,24.73,48.0,90,0,5.26,ZA,1603247856
179,viedma,-40.81,-63.0,47.82,71,72,9.55,AR,1603247924
180,aykhal,66.0,111.5,3.2,91,90,2.24,RU,1603248146
181,lasa,46.62,10.7,48.99,93,20,5.82,IT,1603248146
182,sharlyk,52.92,54.75,34.5,86,75,8.79,RU,1603248147
183,lengshuijiang,27.69,111.43,64.83,58,36,3.33,CN,1603248148
184,panukulan,14.93,121.81,82.92,79,100,15.82,PH,1603248148
185,mount gambier,53.66,-1.85,55.99,95,100,3.0,GB,1603248149
186,zhigansk,66.77,123.37,19.02,96,100,0.38,RU,1603247977
187,nagua,19.38,-69.85,76.64,78,35,1.63,DO,1603248150
188,tatawin,32.93,10.45,59.0,58,0,2.24,TN,1603248150
189,akdepe,42.06,59.38,48.2,70,32,6.93,TM,1603248151
190,pilar,-9.6,-35.96,71.6,88,20,1.12,BR,1603248151
191,maniitsoq,65.42,-52.9,33.73,89,100,22.66,GL,1603248151
192,san carlos de bariloche,13.3,-4.9,79.86,51,0,7.45,ML,1603248152
193,lujan,-34.57,-59.1,53.01,69,18,4.0,AR,1603248003
194,ginir,7.13,40.7,57.69,72,78,3.18,ET,1603248152
195,kamina,-8.74,24.99,63.84,98,90,2.93,CD,1603248152
196,brae,60.4,-1.35,48.2,81,100,27.51,GB,1603248153
197,seoul,37.57,126.98,62.6,59,90,4.25,KR,1603247930
198,cidreira,-30.18,-50.21,68.41,94,78,5.95,BR,1603247916
199,maningrida,-12.07,134.27,90.32,43,2,9.35,AU,1603248153
200,zinapecuaro,19.87,-100.82,62.6,63,5,3.22,MX,1603248153
201,bhinga,27.72,81.93,75.99,92,5,1.99,IN,1603248154
202,batagay,67.63,134.63,11.26,91,80,3.02,RU,1603248096
203,marshall,34.38,-86.33,66.0,82,1,4.7,US,1603248156
204,rovaniemi,66.5,25.72,23.0,100,75,0.51,FI,1603248156
205,hasaki,35.73,140.83,70.0,49,40,12.75,JP,1603248157
206,hithadhoo,-0.6,73.08,82.15,80,46,13.4,MV,1603248157
207,nelson bay,-41.28,173.28,70.0,49,0,5.01,NZ,1603248157
208,marawi,8.0,124.29,87.01,66,100,5.01,PH,1603248157
209,deputatskiy,69.3,139.9,10.35,95,100,1.79,RU,1603248158
210,jadu,31.95,12.03,54.43,80,0,12.21,LY,1603248158
211,olinda,-8.01,-34.86,78.8,78,40,12.75,BR,1603248128
212,shumikha,55.23,63.3,34.07,89,2,5.64,RU,1603248159
213,sao joao da barra,20.51,76.21,77.59,75,0,3.13,IN,1603248081
214,saldanha,-33.01,17.94,42.8,81,0,4.7,ZA,1603248160
215,dudinka,69.41,86.18,8.6,84,38,2.24,RU,1603248160
216,ocos,14.51,-92.19,75.2,100,40,7.81,GT,1603248160
217,asilah,35.47,-6.03,68.0,88,40,9.17,MA,1603248160
218,high level,33.61,-95.75,75.0,80,7,7.99,US,1603248161
219,ilulissat,69.22,-51.1,33.8,95,100,9.17,GL,1603247862
220,milkovo,54.72,158.62,40.71,61,2,9.62,RU,1603248161
221,norman wells,35.22,-97.44,70.0,83,90,6.93,US,1603248162
222,san quintin,13.3,-4.9,79.86,51,0,7.45,ML,1603248162
223,nantucket,41.28,-70.1,64.0,95,90,4.7,US,1603247969
224,edson,53.58,-116.44,28.4,86,90,2.24,CA,1603248163
225,husavik,66.04,-17.34,23.0,92,63,3.36,IS,1603248164
226,cestas,44.74,-0.68,62.6,82,100,14.99,FR,1603248164
227,necochea,-38.55,-58.74,41.0,92,0,7.16,AR,1603248164
228,bhadrachalam,17.67,80.88,80.42,86,32,2.77,IN,1603248164
229,macas,-2.32,-78.12,65.68,79,50,3.31,EC,1603248165
230,chapais,49.78,-74.85,32.0,98,90,2.24,CA,1603248166
231,kaitangata,-46.28,169.85,55.22,53,57,5.46,NZ,1603248166
232,strezhevoy,60.73,77.59,33.8,100,90,2.24,RU,1603248167
233,tarazona,41.9,-1.73,62.6,72,20,18.34,ES,1603248167
234,aswan,24.09,32.91,77.81,24,0,8.19,EG,1603247922
235,semme,46.2,1.5,62.6,67,100,25.28,FR,1603248168
236,verkhoyansk,67.54,133.38,9.91,87,88,3.11,RU,1603248169
237,clyde river,41.3,-82.98,51.01,93,100,9.26,US,1603248170
238,pakxan,18.38,103.66,77.58,65,86,6.8,LA,1603248268
239,lorengau,-2.02,147.27,84.67,67,96,2.86,PG,1603248244
240,maunabo,18.01,-65.9,77.0,100,13,3.67,PR,1603248269
241,namtsy,62.72,129.67,21.2,92,75,6.71,RU,1603248269
242,coquimbo,-29.95,-71.34,53.6,93,0,3.36,CL,1603248250
243,catio,11.28,-15.25,78.24,89,37,5.55,GW,1603248270
244,nakapiripirit,1.92,34.78,66.42,81,85,3.04,UG,1603248270
245,flin flon,48.5,6.66,59.0,54,100,2.24,FR,1603248270
246,xuddur,4.12,43.89,71.94,88,35,8.37,SO,1603248271
247,port lincoln,-7.03,29.76,72.84,73,24,5.21,CD,1603248052
248,jacareacanga,-6.22,-57.75,78.53,62,91,1.52,BR,1603248271
249,balkanabat,39.51,54.37,55.42,81,12,4.72,TM,1603248225
250,airai,-8.93,125.41,81.3,33,18,5.48,TL,1603248262
251,jaque,7.52,-78.17,77.72,84,95,3.29,PA,1603248272
252,timra,62.49,17.33,45.0,93,100,3.36,SE,1603248272
253,ushumun,52.78,126.53,36.21,90,98,4.36,RU,1603248273
254,port keats,-7.03,29.76,72.84,73,24,5.21,CD,1603248052
255,wajima,37.4,136.9,66.2,52,20,9.17,JP,1603248114
256,borovoy,55.43,86.08,35.6,80,55,6.71,RU,1603248274
257,portmore,17.97,-76.87,78.8,83,20,8.05,JM,1603248169
258,carballo,43.21,-8.69,57.2,93,75,4.7,ES,1603248275
259,ust-kuyga,70.02,135.6,8.82,94,82,5.97,RU,1603248275
260,sao filipe,20.51,76.21,77.59,75,0,3.13,IN,1603248276
261,samarai,-10.62,150.67,81.3,79,91,10.02,PG,1603248276
262,turbat,26.0,63.04,77.52,14,0,12.64,PK,1603248276
263,rawdon,46.05,-73.72,44.01,95,95,3.04,CA,1603248020
264,tobermory,45.25,-81.67,41.0,80,92,15.55,CA,1603248277
265,newport,51.59,-3.0,60.01,98,100,4.7,GB,1603248053
266,sitka,57.05,-135.33,42.8,75,75,2.86,US,1603248235
267,turukhansk,65.82,87.98,19.38,97,100,11.45,RU,1603248278
268,dryden,49.78,-92.75,28.4,86,90,8.05,CA,1603248278
269,vanavara,60.34,102.28,27.79,95,99,6.35,RU,1603248279
270,tiznit,29.58,-9.5,65.91,71,35,3.31,MA,1603248279
271,vega de alatorre,35.24,-102.43,69.8,46,1,11.41,US,1603248279
272,riyadh,24.69,46.72,60.8,27,0,8.77,SA,1603248279
273,mehamn,71.04,27.85,35.35,84,91,1.79,NO,1603248280
274,paamiut,61.99,-49.67,34.09,90,97,3.65,GL,1603248090
275,nome,64.5,-165.41,41.0,80,40,8.05,US,1603248206
276,antanifotsy,-19.65,47.32,55.54,88,9,2.42,MG,1603248281
277,puerto baquerizo moreno,36.59,-6.23,64.4,93,40,14.99,ES,1603248029
278,balaipungut,1.05,101.28,78.8,94,75,1.57,ID,1603248281
279,kurilsk,45.23,147.88,48.22,56,12,6.58,RU,1603248282
280,victor harbor,42.98,-77.41,48.99,96,99,7.05,US,1603248282
281,ostrovnoy,68.05,39.51,36.27,82,100,12.93,RU,1603248248
282,batticaloa,7.71,81.69,83.19,64,38,4.23,LK,1603248284
283,ardakan,32.31,54.02,50.0,19,0,2.24,IR,1603248284
284,waipawa,-41.41,175.52,62.6,67,42,24.16,NZ,1603248231
285,thiers,45.83,3.5,60.8,59,20,24.16,FR,1603248285
286,dubai,25.26,55.3,73.4,64,0,2.24,AE,1603248225
287,sakakah,29.97,40.21,66.2,20,0,4.7,SA,1603248285
288,alexandria,31.22,29.96,73.4,83,0,4.7,EG,1603248164
289,san juan de colon,13.3,-4.9,79.86,51,0,7.45,ML,1603248152
290,hambantota,6.12,81.12,78.8,100,40,8.05,LK,1603248208
291,hanzhong,33.07,107.03,62.76,50,86,1.25,CN,1603248286
292,cayenne,4.93,-52.33,78.8,88,100,2.24,GF,1603248286
293,chernyshevskiy,63.01,112.47,17.49,94,99,6.78,RU,1603248286
294,aldan,58.6,125.39,21.9,97,100,9.89,RU,1603248287
295,chokurdakh,70.63,147.92,8.89,96,61,4.79,RU,1603248601
296,yumen,40.28,97.2,59.07,27,0,11.25,CN,1603248202
297,muisne,0.6,-80.03,75.33,83,100,6.87,EC,1603248287
298,mokhsogollokh,61.47,128.92,25.2,97,100,2.3,RU,1603248217
299,khorramshahr,30.44,48.17,60.8,67,0,4.7,IR,1603248288
300,fortuna,40.6,-124.16,57.99,82,1,10.29,US,1603248288
301,torrington,41.8,-73.12,60.01,94,82,1.19,US,1603248288
302,murgab,37.5,61.97,48.2,32,0,4.7,TM,1603248288
303,esna,25.29,32.55,71.6,33,0,3.31,EG,1603248289
304,mandiana,10.63,-8.68,73.69,85,71,2.73,GN,1603248289
305,kavieng,-2.57,150.8,81.48,78,99,8.61,PG,1603248289
306,saint-georges,12.06,-61.75,84.2,74,20,18.34,GD,1603248290
307,burnie,-41.07,145.92,62.01,62,75,10.0,AU,1603248290
308,baruun-urt,46.68,113.28,28.13,74,0,11.39,MN,1603248291
309,lyuban,52.8,28.0,42.28,83,100,9.98,BY,1603248292
310,atambua,-9.11,124.89,87.8,43,58,1.74,ID,1603248118
311,gigmoto,13.78,124.39,86.25,70,66,12.91,PH,1603248292
312,lazaro cardenas,19.46,-71.33,75.99,87,68,2.26,DO,1603248292
313,santa maria del oro,17.49,120.43,82.76,79,100,3.02,PH,1603248293
314,marsabit,2.33,37.99,64.0,91,92,19.17,KE,1603248293
315,biak,-0.91,122.88,84.4,62,58,8.05,ID,1603248294
316,castro,-24.79,-50.01,62.1,91,41,5.55,BR,1603248203
317,najran,17.49,44.13,60.8,29,0,2.24,SA,1603248277
318,pacific grove,38.48,-90.74,59.0,95,100,8.3,US,1603248294
319,jimma,7.67,36.83,53.98,81,100,1.23,ET,1603248295
320,pisco,-13.7,-76.22,64.0,82,3,12.75,PE,1603248295
321,kitimat,54.05,-128.65,43.0,91,100,1.23,CA,1603248151
322,alyangula,-13.85,136.42,91.4,46,0,12.75,AU,1603248296
323,tautira,-17.73,-149.15,82.4,69,40,13.87,PF,1603248296
324,opuwo,-18.06,13.84,58.05,36,0,0.54,NA,1603248296
325,langsa,4.47,97.97,85.03,76,65,1.72,ID,1603248296
326,kirakira,-10.45,161.92,84.85,63,59,7.92,SB,1603248240
327,bilibino,68.05,166.44,21.79,94,99,2.37,RU,1603248222
328,las varas,49.74,19.43,42.01,3,100,21.99,PL,1603248297
329,abha,18.22,42.51,55.4,25,0,6.93,SA,1603248297
330,praia da vitoria,14.92,-23.51,80.6,78,95,9.17,CV,1603248213
331,mkushi,-13.62,29.39,65.68,42,0,4.88,ZM,1603248298
332,sur,22.57,59.53,77.11,57,0,4.36,OM,1603248299
333,lock haven,40.27,-82.61,54.0,100,90,3.36,US,1603248299
334,baykit,61.67,96.37,26.55,94,99,2.33,RU,1603248299
335,krutinka,56.01,71.51,43.83,86,100,7.72,RU,1603248300
336,olafsvik,64.89,-23.71,42.91,75,100,11.36,IS,1603248300
337,jiayuguan,39.82,98.3,54.81,32,0,2.84,CN,1603248219
338,ilula,-7.68,36.04,60.4,84,50,4.83,TZ,1603248301
339,beringovskiy,63.05,179.32,40.89,86,55,11.95,RU,1603248301
340,camacha,33.08,-16.33,62.6,93,40,5.82,PT,1603248302
341,kutahya,39.42,29.98,51.8,93,75,5.08,TR,1603248249
342,wanning,18.8,110.4,75.9,77,80,15.79,CN,1603248303
343,ladozhskaya,45.31,39.94,50.0,100,40,2.24,RU,1603248303
344,faanui,-16.48,-151.75,79.07,80,11,13.96,PF,1603248192
345,okha,53.57,142.95,48.0,63,95,14.92,RU,1603248304
346,kedrovyy,56.17,91.82,41.0,75,75,4.47,RU,1603248304
347,talnakh,69.49,88.4,8.6,84,49,2.24,RU,1603248306
348,de-kastri,51.47,140.78,51.57,49,98,11.18,RU,1603248306
349,singapore,1.29,103.85,87.8,66,75,3.36,SG,1603248083
350,acapulco,16.86,-99.89,84.2,83,75,5.82,MX,1603248307
351,kampot,10.62,104.18,86.0,66,20,1.12,KH,1603248308
352,kalmunai,7.42,81.82,84.29,63,2,3.89,LK,1603248308
353,sesheke,-17.48,24.3,70.14,22,0,5.21,ZM,1603248308
354,launceston,-41.45,147.17,62.01,67,90,6.93,AU,1603248309
355,fulton,33.77,-84.45,68.0,93,1,7.25,US,1603248309
356,gravdal,68.12,13.5,39.18,72,13,10.25,NO,1603248310
357,pringsewu,-5.36,104.97,88.5,56,99,3.09,ID,1603248310
358,ancud,-41.87,-73.82,45.0,75,0,9.17,CL,1603248218
359,kunnamangalam,11.3,75.88,77.0,88,75,1.68,IN,1603248311
360,illapel,-31.63,-71.17,52.95,72,0,1.32,CL,1603248311
361,anisoc,1.87,10.77,68.95,95,100,1.99,GQ,1603248311
362,sumbe,-11.21,13.84,74.16,83,98,2.93,AO,1603248312
363,floridia,37.09,15.15,57.2,93,0,5.82,IT,1603248312
364,shache,38.42,77.24,56.77,30,0,3.78,CN,1603248312
365,bacungan,9.91,118.7,80.6,88,90,4.7,PH,1603248313
366,kyra,49.58,111.98,28.4,75,3,13.65,RU,1603248313
367,morant bay,17.9,-76.43,78.8,83,20,8.05,JM,1603248313
368,santa rosa,17.49,120.43,82.76,79,100,3.02,PH,1603248293
369,pevek,69.7,170.31,30.96,95,74,15.59,RU,1603248184
370,adelaide,-34.93,138.6,75.0,52,19,11.41,AU,1603248104
371,narsaq,60.92,-46.05,30.2,86,100,2.24,GL,1603248190
372,hovd,48.01,91.64,35.04,72,0,2.15,MN,1603248315
373,clovis,36.83,-119.7,82.4,30,20,3.36,US,1603248301
374,almeria,37.17,-2.33,71.6,68,100,16.11,ES,1603248316
375,paita,-5.09,-81.11,64.09,83,3,10.11,PE,1603248316
376,chaumont,48.12,5.13,55.4,76,100,10.29,FR,1603248317
377,kamaishi,39.27,141.88,59.0,58,20,3.36,JP,1603248079
378,bonavista,48.65,-53.11,54.0,79,99,5.99,CA,1603248101
379,thomasville,35.88,-80.08,61.0,92,100,3.13,US,1603248191
380,carnarvon,-24.87,113.63,73.4,56,40,19.46,AU,1603248232
381,port moresby,-7.03,29.76,72.84,73,24,5.21,CD,1603248028
382,kodiak,57.79,-152.41,46.4,45,1,10.29,US,1603248185
383,codrington,-38.27,141.97,58.5,69,24,8.23,AU,1603248235
384,moose factory,43.66,-110.72,46.4,52,90,10.29,US,1603248320
385,fairbanks,64.84,-147.72,23.0,85,90,0.72,US,1603248037
386,tahta,26.77,31.5,71.6,46,0,2.24,EG,1603248321
387,tignere,7.37,12.65,64.44,72,0,1.3,CM,1603248321
388,soe,-9.86,124.28,89.06,31,43,9.37,ID,1603248322
389,bahia honda,-12.0,-42.0,67.73,73,44,6.4,BR,1603248323
390,varzea grande,39.52,-8.33,60.01,95,13,1.99,PT,1603248323
391,klyuchi,52.27,79.17,44.31,53,8,12.21,RU,1603248323
392,saint-augustin,51.23,-58.65,48.22,91,100,12.91,CA,1603248186
393,lensk,60.73,114.93,25.57,92,89,7.85,RU,1603248324
394,dongsheng,39.82,109.98,39.34,51,0,10.42,CN,1603248324
395,mogadishu,2.04,45.34,78.85,82,49,11.05,SO,1603248325
396,rey bouba,35.59,51.45,57.2,28,0,2.98,IR,1603248325
397,margate,51.38,1.39,59.0,90,100,4.0,GB,1603248325
398,itaituba,-4.28,-55.98,79.29,66,0,2.15,BR,1603248325
399,marsh harbour,53.65,-1.81,55.99,95,100,3.0,GB,1603248326
400,imeni poliny osipenko,7.32,5.96,71.62,99,100,2.55,NG,1603248326
401,komsomolskiy,40.43,71.72,51.8,28,0,9.17,UZ,1603248327
402,myitkyina,25.38,97.4,81.18,69,72,2.26,MM,1603248328
403,torres,-29.34,-49.73,65.95,97,27,6.87,BR,1603248329
404,maldonado,-34.67,-54.92,52.0,71,87,17.22,UY,1603248329
405,slonim,53.09,25.32,44.87,78,100,12.66,BY,1603248329
406,yulara,-25.24,130.99,93.2,17,0,3.36,AU,1603248258
407,novoagansk,61.94,76.66,34.66,98,100,7.25,RU,1603248330
408,swellendam,-34.02,20.44,39.2,93,0,3.36,ZA,1603248330
409,laguna,38.42,-121.42,80.01,40,1,4.76,US,1603248242
410,kovur,14.48,79.98,79.45,83,100,9.37,IN,1603248331
411,mayumba,-3.43,10.66,76.75,88,100,6.04,GA,1603248331
412,grand river south east,38.88,-109.5,64.4,17,1,1.83,US,1603248331
413,souillac,-20.52,57.52,73.4,83,40,10.29,MU,1603248273
414,taltal,-25.4,-70.48,58.5,68,11,1.99,CL,1603248332
415,manokwari,-0.87,134.08,84.85,71,40,11.88,ID,1603248123
416,bur gabo,56.37,8.43,55.0,96,100,12.55,DK,1603248332
417,buluang,13.31,123.34,84.0,80,40,9.71,PH,1603248333
418,camacupa,-12.02,17.48,63.5,83,0,2.51,AO,1603248334
419,sorong,-0.88,131.25,83.8,72,34,6.82,ID,1603248334
420,constitucion,-35.33,-72.42,51.06,78,33,13.58,CL,1603247962
421,nexo,55.06,15.13,53.6,100,100,12.75,DK,1603248334
422,antalaha,-14.9,50.28,72.99,80,100,10.56,MG,1603248335
423,brightwater,-41.38,173.12,64.99,51,0,11.01,NZ,1603248335
424,nabire,-3.37,135.48,77.43,89,100,3.49,ID,1603248258
425,necocli,8.42,-76.79,77.25,87,30,6.11,CO,1603248335
426,rio bravo,38.3,21.78,62.6,55,20,6.93,GR,1603248336
427,tanhacu,-14.02,-41.25,71.47,84,98,4.76,BR,1603248336
428,ambon,-3.7,128.18,87.8,66,20,5.82,ID,1603248337
429,westport,41.14,-73.36,62.6,100,90,0.69,US,1603248261
430,bambanglipuro,-7.95,110.28,83.61,74,31,7.43,ID,1603248058
431,hit,33.64,42.83,70.75,38,0,6.82,IQ,1603248338
432,loandjili,-4.76,11.86,77.09,88,100,5.93,CG,1603248338
433,jilib,0.49,42.79,74.8,90,25,3.02,SO,1603248339
434,geraldton,-28.77,114.6,69.8,60,75,17.22,AU,1603248284
435,puerto escondido,36.59,-6.23,64.4,93,40,14.99,ES,1603248340
436,hornepayne,49.21,-84.77,31.48,91,100,5.95,CA,1603248186
437,cape girardeau,-36.41,-71.9,55.4,66,6,6.93,CL,1603248340
438,aleksandrovka,46.84,32.76,39.2,86,0,2.24,UA,1603248340
439,college,64.86,-147.8,23.0,79,90,0.74,US,1603248341
440,isla vista,15.89,120.3,79.45,85,100,27.11,PH,1603248341
441,antofagasta,-23.65,-70.4,59.0,82,75,3.36,CL,1603248202
442,maceio,-9.67,-35.74,71.6,88,20,1.12,BR,1603248195
443,griffith,41.53,-87.42,48.99,100,90,9.17,US,1603248342
444,keti bandar,40.87,43.84,46.4,93,90,2.24,AM,1603248343
445,termoli,41.99,14.99,55.0,62,0,5.99,IT,1603248344
446,montrose,38.42,-108.27,55.4,30,1,6.93,US,1603248344
447,sisimiut,66.94,-53.67,33.08,91,100,26.69,GL,1603248344
448,hay river,52.07,-3.13,57.0,93,100,4.21,GB,1603248345
449,asosa,10.07,34.53,62.53,82,48,5.28,ET,1603248346
450,esperance,-33.87,121.9,60.8,93,90,13.87,AU,1603248215
451,arica,-18.48,-70.3,64.0,74,67,1.99,CL,1603248137
452,coro,11.4,-69.67,81.0,78,100,5.73,VE,1603248347
453,naze,28.37,129.48,80.6,74,75,16.11,JP,1603248347
454,kholodnyy,62.72,147.95,14.09,80,0,0.76,RU,1603248348
455,yuancheng,36.65,107.79,55.74,34,0,9.04,CN,1603248348
456,alcaniz,41.05,-0.13,55.99,95,100,1.01,ES,1603248349
457,shingu,33.73,135.98,71.6,60,40,8.05,JP,1603248349
458,fujin,47.26,132.03,58.06,52,100,13.38,CN,1603248349
459,sinnamary,5.38,-52.95,79.7,81,100,12.06,GF,1603248349
460,altay,47.87,88.12,48.96,41,0,2.48,CN,1603248298
461,ozinki,51.18,49.68,37.24,77,0,11.36,RU,1603248350
462,mandurah,-32.55,115.7,73.99,52,0,9.17,AU,1603248351
463,leh,34.17,77.58,41.25,42,0,2.48,IN,1603248351
464,sambava,-14.27,50.17,74.3,81,100,15.93,MG,1603248352
465,kaoma,-14.78,24.8,65.28,28,0,6.8,ZM,1603248352
466,sant feliu de guixols,47.45,24.9,37.49,77,66,3.71,RO,1603248352
467,caravelas,-17.71,-39.25,72.61,94,99,1.14,BR,1603248186
468,wattegama,6.8,81.48,78.8,100,40,8.05,LK,1603248353
469,teya,60.38,92.63,31.3,95,100,7.11,RU,1603248354
470,namatanai,-3.67,152.43,82.71,73,65,3.22,PG,1603248252
471,zyryanka,65.75,150.85,19.83,96,0,6.04,RU,1603248354
472,irbeyskoye,55.64,95.45,39.29,79,100,7.0,RU,1603248355
473,vardo,70.37,31.11,30.2,86,75,6.93,NO,1603248211
474,hamilton,39.18,-84.53,55.99,93,90,5.01,US,1603248033
475,doka,13.52,35.77,72.5,47,0,3.58,SD,1603248212
476,san cristobal,13.3,-4.9,79.86,51,0,7.45,ML,1603248356
477,searcy,35.25,-91.74,66.99,100,1,6.62,US,1603248356
478,safford,32.83,-109.71,73.4,11,1,3.04,US,1603248356
479,pizarro,4.95,-77.37,77.02,87,100,4.59,CO,1603248357
480,kathu,7.92,98.33,86.0,74,20,3.36,TH,1603248357
481,vilhena,-12.74,-60.15,70.88,87,68,1.21,BR,1603248357
482,cabinda,-5.55,12.2,76.55,87,92,5.82,AO,1603248357
483,egvekinot,66.32,-179.17,33.94,100,98,6.26,RU,1603248350
484,marietta,33.95,-84.55,66.2,82,1,4.7,US,1603248269
485,coihaique,-45.58,-72.07,42.8,75,0,3.36,CL,1603248288
486,hailar,49.2,119.7,30.18,98,100,18.34,CN,1603248074
487,guerrero negro,17.67,-100.0,67.66,76,100,2.46,MX,1603248359
488,salalah,17.02,54.09,77.0,47,1,3.36,OM,1603247985
489,yatou,37.15,122.38,67.59,59,90,17.4,CN,1603248359
490,antipovka,49.83,45.31,36.84,80,0,11.83,RU,1603248360
491,visby,57.64,18.3,51.01,93,100,8.05,SE,1603248360
492,zhezkazgan,47.8,67.71,45.1,48,69,7.54,KZ,1603248325
493,half moon bay,6.38,-10.7,75.85,91,90,0.83,LR,1603248361
494,lucapa,-8.42,20.74,64.9,93,99,2.39,AO,1603248341
495,harper,4.38,-7.72,77.13,81,72,4.38,LR,1603248361
496,cotonou,6.37,2.42,78.51,89,44,10.45,BJ,1603248305
497,taksimo,56.34,114.88,24.55,77,82,2.98,RU,1603248362
498,sobolevo,54.43,31.9,35.98,86,100,7.16,RU,1603248363
499,flinders,-34.58,150.86,75.99,65,67,7.0,AU,1603248342
500,ampanihy,-24.7,44.75,66.61,48,0,2.04,MG,1603248363
501,dunedin,-45.87,170.5,46.99,90,83,5.99,NZ,1603248363
502,berbera,10.44,45.01,81.27,56,0,4.29,SO,1603248364
503,saint-joseph,-21.37,55.62,71.6,53,5,6.93,RE,1603248364
504,laramie,41.31,-105.59,46.99,52,90,16.11,US,1603248287
505,ivaipora,-24.25,-51.68,65.86,88,22,3.18,BR,1603248365
506,balykshi,47.07,51.87,41.0,75,82,8.95,KZ,1603248365
507,mount isa,53.66,-1.85,55.99,95,100,3.0,GB,1603248149
508,dhar,22.6,75.3,75.2,64,40,4.7,IN,1603248365
509,muros,42.78,-9.06,59.0,91,76,11.01,ES,1603248366
510,mukhen,48.1,136.1,58.87,38,100,11.01,RU,1603248366
511,ibra,22.69,58.53,71.13,18,0,2.55,OM,1603248366
512,korla,41.76,86.15,54.84,36,0,6.2,CN,1603248367
513,katol,21.27,78.58,77.0,83,40,5.12,IN,1603248368
514,palmer,42.16,-72.33,60.8,100,75,4.7,US,1603248237
515,bac lieu,45.39,19.24,39.99,93,29,4.7,RS,1603248369
516,kabwe,-14.45,28.45,67.62,32,0,5.75,ZM,1603248369
517,puerto colombia,36.59,-6.23,64.4,93,40,14.99,ES,1603248369
518,ask,60.07,11.03,44.01,100,75,3.06,NO,1603248369
519,mahibadhoo,3.78,72.97,82.69,78,80,13.49,MV,1603248370
520,monterey,36.25,-121.25,68.0,77,1,8.05,US,1603248370
521,zhangzhou,24.51,117.66,78.8,57,75,6.71,CN,1603248370
522,ryotsu,38.08,138.43,68.0,42,20,11.41,JP,1603248371
523,mago,53.25,140.18,46.08,54,100,5.53,RU,1603248237
524,klaksvik,62.23,-6.59,41.0,75,29,8.05,FO,1603248359
525,trairi,-3.28,-39.27,78.78,78,20,12.08,BR,1603248373
526,san policarpo,13.3,-4.9,79.86,51,0,7.45,ML,1603248373
527,castlerea,53.77,-8.5,53.01,99,34,8.99,IE,1603248373
528,khani,41.96,42.96,57.2,93,93,2.24,GE,1603248374
529,goundam,16.41,-3.67,85.5,14,0,9.04,ML,1603248374
530,gagnoa,6.13,-5.94,69.67,98,62,2.59,CI,1603248375
531,sakaiminato,35.55,133.23,71.6,49,40,10.29,JP,1603248375
532,bam,29.11,58.36,64.02,17,0,11.25,IR,1603248375
533,kilindoni,-7.91,39.67,78.53,76,37,8.01,TZ,1603248376
534,summerville,33.02,-80.18,71.6,94,75,8.05,US,1603248300
535,awjilah,29.11,21.29,62.87,72,0,10.67,LY,1603248377
536,caibarien,22.52,-79.47,73.4,94,75,5.82,CU,1603248377
537,boa vista,4.43,8.97,76.28,85,100,1.86,CM,1603248378
538,suicheng,33.9,117.93,69.98,43,81,8.97,CN,1603248378
539,north adams,50.33,3.67,55.4,93,100,13.87,FR,1603248378
540,ballangen,68.34,16.83,35.01,85,90,16.11,NO,1603248378
541,boysun,38.21,67.2,53.46,40,0,2.62,UZ,1603248379
542,kourou,5.16,-52.65,78.8,88,98,2.24,GF,1603248379
543,tomatlan,19.93,-105.25,77.02,92,75,1.01,MX,1603248380
544,biu,10.61,12.19,72.1,34,0,2.26,NG,1603248381
545,sidi qasim,5.08,19.88,71.31,94,100,5.37,CF,1603248381
546,reforma,18.1,-91.02,73.69,96,13,6.46,MX,1603248381
547,sevlievo,43.03,25.11,46.99,92,0,4.0,BG,1603248188
548,dingle,11.0,122.67,84.27,80,62,15.77,PH,1603248382
549,marsa matruh,35.88,14.5,63.0,82,0,5.82,MT,1603248382
550,ilhabela,-23.78,-45.36,71.6,88,29,1.14,BR,1603248382
551,tessalit,20.2,1.01,79.11,17,0,9.95,ML,1603248260
552,kintampo,8.06,-1.73,71.62,94,86,3.98,GH,1603248344
553,pochutla,15.74,-96.47,78.01,93,91,1.01,MX,1603248226
